experiment_id,experiment_name,hypothesis,primary_metric,start_date,end_date,variant,visitors,conversions,mqls,sqls,opps,wins
EXP-01,Homepage hero: outcome headline,"If we lead with 'never take meeting notes again' instead of feature copy, more evaluators will request a demo because the value is clearer.",demo_request_rate,2026-03-02,2026-03-29,control,21000,620,291,101,58,9
EXP-01,Homepage hero: outcome headline,"If we lead with 'never take meeting notes again' instead of feature copy, more evaluators will request a demo because the value is clearer.",demo_request_rate,2026-03-02,2026-03-29,outcome_headline,21000,738,378,150,88,25
EXP-02,Webinar registration: 3 fields instead of 7,"If we shorten webinar registration, more attendees will register because the form feels lighter.",registration_rate,2026-04-06,2026-05-03,control,9000,958,699,87,37,7
EXP-02,Webinar registration: 3 fields instead of 7,"If we shorten webinar registration, more attendees will register because the form feels lighter.",registration_rate,2026-04-06,2026-05-03,short_form,9000,1336,954,90,45,10
EXP-03,Pricing page FAQ accordion,"If we add an FAQ under the pricing table, paid-search visitors will exit less because common plan questions are answered.",pricing_cta_click_rate,2026-06-01,2026-06-14,control,2600,224,102,36,17,4
EXP-03,Pricing page FAQ accordion,"If we add an FAQ under the pricing table, paid-search visitors will exit less because common plan questions are answered.",pricing_cta_click_rate,2026-06-01,2026-06-14,faq_accordion,2600,205,95,37,22,3
EXP-04,Demo page customer logos,"If we show customer logos on the demo page, more visitors will start the form because of social proof.",form_start_rate,2026-05-11,2026-06-07,control,16000,4920,2165,882,470,117
EXP-04,Demo page customer logos,"If we show customer logos on the demo page, more visitors will start the form because of social proof.",form_start_rate,2026-05-11,2026-06-07,logos,16000,5325,2248,853,494,132
EXP-05,Paid social long-form landing page,"If paid social lands on a long-form page, visitors will convert better because they arrive cold.",lead_rate,2026-07-06,2026-08-02,control,15000,236,79,27,15,4
EXP-05,Paid social long-form landing page,"If paid social lands on a long-form page, visitors will convert better because they arrive cold.",lead_rate,2026-07-06,2026-08-02,long_form,15000,198,65,21,10,2
EXP-06,Nurture email CTA: 2-minute tour vs book demo,"If nurture emails offer a 2-minute product tour instead of a demo, more leads will engage and later qualify because the ask is smaller.",click_to_lead_rate,2026-07-13,2026-08-16,control,12000,468,180,67,42,11
EXP-06,Nurture email CTA: 2-minute tour vs book demo,"If nurture emails offer a 2-minute product tour instead of a demo, more leads will engage and later qualify because the ask is smaller.",click_to_lead_rate,2026-07-13,2026-08-16,product_tour,12000,624,285,115,58,15
