experiment_id,variant,source,device,segment,visitors,conversions,mqls,sqls,opps,wins,revenue,spend
EXP-01,control,organic,desktop,smb,8987,266,120,48,24,7,44572,719
EXP-01,control,organic,desktop,mid_market,4002,117,49,20,15,4,101990,320
EXP-01,control,organic,mobile,smb,4847,159,81,36,21,3,18374,388
EXP-01,control,organic,mobile,mid_market,2108,54,22,11,9,2,47027,169
EXP-01,control,paid_search,desktop,smb,5454,175,84,40,24,7,40248,11999
EXP-01,control,paid_search,desktop,mid_market,2380,79,38,9,4,0,0,5236
EXP-01,control,paid_search,mobile,smb,2926,80,38,11,7,1,6927,6437
EXP-01,control,paid_search,mobile,mid_market,1263,44,22,11,9,3,72518,2779
EXP-01,control,paid_social,desktop,smb,2498,80,42,16,13,1,6519,3497
EXP-01,control,paid_social,desktop,mid_market,626,22,8,3,2,1,24910,876
EXP-01,control,paid_social,mobile,smb,3948,115,60,26,13,2,12396,5527
EXP-01,control,paid_social,mobile,mid_market,961,36,21,7,5,2,47221,1345
EXP-01,outcome_headline,organic,desktop,smb,9129,384,182,69,40,11,68379,730
EXP-01,outcome_headline,organic,desktop,mid_market,3769,154,73,27,17,6,142181,302
EXP-01,outcome_headline,organic,mobile,smb,4900,195,99,36,19,5,27236,392
EXP-01,outcome_headline,organic,mobile,mid_market,2014,83,39,15,9,4,101711,161
EXP-01,outcome_headline,paid_search,desktop,smb,5466,198,98,49,25,4,23304,12025
EXP-01,outcome_headline,paid_search,desktop,mid_market,2311,78,32,7,5,0,0,5084
EXP-01,outcome_headline,paid_search,mobile,smb,3073,134,70,32,18,3,21062,6761
EXP-01,outcome_headline,paid_search,mobile,mid_market,1292,54,26,13,7,2,51376,2842
EXP-01,outcome_headline,paid_social,desktop,smb,2570,104,49,10,6,3,16782,3598
EXP-01,outcome_headline,paid_social,desktop,mid_market,671,30,14,4,3,1,20405,939
EXP-01,outcome_headline,paid_social,mobile,smb,3823,168,76,33,16,3,16989,5352
EXP-01,outcome_headline,paid_social,mobile,mid_market,982,42,21,7,4,0,0,1375
EXP-02,control,webinar,desktop,smb,3873,425,315,49,20,5,29680,4260
EXP-02,control,webinar,desktop,mid_market,1977,214,154,15,8,3,72587,2175
EXP-02,control,webinar,mobile,smb,2039,232,158,30,14,5,29838,2243
EXP-02,control,webinar,mobile,mid_market,1111,107,83,13,2,0,0,1222
EXP-02,short_form,webinar,desktop,smb,3839,564,409,39,21,4,23450,4223
EXP-02,short_form,webinar,desktop,mid_market,2029,304,205,15,12,4,89546,2232
EXP-02,short_form,webinar,mobile,smb,2003,302,207,14,8,1,5002,2203
EXP-02,short_form,webinar,mobile,mid_market,1129,155,113,5,3,0,0,1242
EXP-03,control,paid_search,desktop,smb,1154,86,42,14,10,3,20186,2539
EXP-03,control,paid_search,desktop,mid_market,490,45,19,9,5,1,25959,1078
EXP-03,control,paid_search,mobile,smb,673,58,18,5,5,3,17631,1481
EXP-03,control,paid_search,mobile,mid_market,283,14,5,4,2,1,18911,623
EXP-03,faq_accordion,paid_search,desktop,smb,1167,98,41,10,8,1,4236,2567
EXP-03,faq_accordion,paid_search,desktop,mid_market,509,48,23,7,4,2,44767,1120
EXP-03,faq_accordion,paid_search,mobile,smb,622,50,22,10,6,2,11752,1368
EXP-03,faq_accordion,paid_search,mobile,mid_market,302,27,14,7,3,0,0,664
EXP-04,control,organic,desktop,smb,2513,740,301,110,65,16,98616,201
EXP-04,control,organic,desktop,mid_market,1070,303,134,53,33,9,219474,86
EXP-04,control,organic,mobile,smb,1344,426,181,68,38,9,55098,108
EXP-04,control,organic,mobile,mid_market,572,160,77,24,14,3,69727,46
EXP-04,control,paid_search,desktop,smb,2536,749,331,141,80,17,93944,5579
EXP-04,control,paid_search,desktop,mid_market,1041,327,149,57,32,6,142144,2290
EXP-04,control,paid_search,mobile,smb,1386,408,170,65,34,9,54910,3049
EXP-04,control,paid_search,mobile,mid_market,626,202,85,34,18,2,48387,1377
EXP-04,control,paid_social,desktop,smb,763,199,86,33,21,8,46741,1068
EXP-04,control,paid_social,desktop,mid_market,207,60,29,14,9,2,50978,290
EXP-04,control,paid_social,mobile,smb,1164,341,139,73,38,6,38087,1630
EXP-04,control,paid_social,mobile,mid_market,288,89,42,14,6,1,27756,403
EXP-04,control,email,desktop,smb,971,310,141,65,39,9,51477,146
EXP-04,control,email,desktop,mid_market,411,129,65,31,15,4,87379,62
EXP-04,control,email,mobile,smb,779,253,113,47,27,4,24289,117
EXP-04,control,email,mobile,mid_market,329,93,34,11,6,3,71835,49
EXP-04,logos,organic,desktop,smb,2562,841,368,133,81,26,155923,205
EXP-04,logos,organic,desktop,mid_market,1110,388,185,76,39,11,267417,89
EXP-04,logos,organic,mobile,smb,1357,394,182,81,49,8,49504,109
EXP-04,logos,organic,mobile,mid_market,609,160,73,25,12,2,54171,49
EXP-04,logos,paid_search,desktop,smb,2538,839,387,152,71,16,92852,5584
EXP-04,logos,paid_search,desktop,mid_market,1098,369,151,64,36,18,447124,2416
EXP-04,logos,paid_search,mobile,smb,1309,365,167,63,38,9,53865,2880
EXP-04,logos,paid_search,mobile,mid_market,582,182,88,30,20,3,66409,1280
EXP-04,logos,paid_social,desktop,smb,779,281,129,51,22,5,29588,1091
EXP-04,logos,paid_social,desktop,mid_market,192,65,28,14,8,2,47572,269
EXP-04,logos,paid_social,mobile,smb,1145,295,147,61,41,10,59567,1603
EXP-04,logos,paid_social,mobile,mid_market,300,68,37,18,9,1,21673,420
EXP-04,logos,email,desktop,smb,941,318,134,44,23,5,30825,141
EXP-04,logos,email,desktop,mid_market,371,143,56,23,12,1,19198,56
EXP-04,logos,email,mobile,smb,793,241,109,42,25,6,33882,119
EXP-04,logos,email,mobile,mid_market,314,96,33,17,12,2,47814,47
EXP-05,control,paid_social,desktop,smb,4775,74,31,10,6,2,11111,6685
EXP-05,control,paid_social,desktop,mid_market,1209,23,10,1,0,0,0,1693
EXP-05,control,paid_social,mobile,smb,7232,125,61,13,8,1,4926,10125
EXP-05,control,paid_social,mobile,mid_market,1784,21,6,1,1,0,0,2498
EXP-05,long_form,paid_social,desktop,smb,4804,53,23,6,0,0,0,6726
EXP-05,long_form,paid_social,desktop,mid_market,1148,12,4,0,0,0,0,1607
EXP-05,long_form,paid_social,mobile,smb,7285,86,29,11,6,1,6767,10199
EXP-05,long_form,paid_social,mobile,mid_market,1763,22,13,5,2,1,25718,2468
EXP-06,control,email,desktop,smb,4621,162,72,25,11,5,29943,693
EXP-06,control,email,desktop,mid_market,1956,82,38,14,9,3,69170,293
EXP-06,control,email,mobile,smb,3764,162,61,33,15,4,23095,565
EXP-06,control,email,mobile,mid_market,1659,79,36,15,7,1,22731,249
EXP-06,product_tour,email,desktop,smb,4554,228,106,38,16,2,12320,683
EXP-06,product_tour,email,desktop,mid_market,2050,93,40,7,5,1,21215,308
EXP-06,product_tour,email,mobile,smb,3824,197,93,33,16,6,34898,574
EXP-06,product_tour,email,mobile,mid_market,1572,82,47,18,13,2,44974,236
