month,source,segment,visits,leads,mqls,sqls,opps,wins,revenue,spend
2026-03,paid_search,smb,37705,1219,519,220,119,31,188904,67983
2026-03,paid_search,mid_market,17508,572,255,122,67,14,331709,29178
2026-03,paid_social,smb,26091,387,147,42,22,6,36860,35285
2026-03,paid_social,mid_market,6556,88,28,10,5,1,25916,8973
2026-03,organic,smb,46342,1046,392,161,84,21,124065,5637
2026-03,organic,mid_market,21295,482,198,84,44,9,222331,2430
2026-03,webinar,smb,8466,1018,723,79,45,12,69190,12447
2026-03,webinar,mid_market,4893,582,410,61,32,6,141809,6330
2026-03,partner,smb,3902,188,106,54,35,9,53769,6116
2026-03,partner,mid_market,3771,205,122,66,41,7,157247,6006
2026-03,email,smb,10362,416,180,61,32,8,49947,2054
2026-03,email,mid_market,4367,170,79,31,14,3,71266,950
2026-04,paid_search,smb,41788,1276,548,236,127,33,198955,75685
2026-04,paid_search,mid_market,16582,483,238,98,55,12,301041,31474
2026-04,paid_social,smb,29211,464,158,50,25,7,41981,37632
2026-04,paid_social,mid_market,7649,111,39,13,7,1,17401,9082
2026-04,organic,smb,58536,1292,550,199,119,32,197449,5390
2026-04,organic,mid_market,22610,512,202,89,48,10,246045,2438
2026-04,webinar,smb,9538,1109,788,91,47,12,73555,11215
2026-04,webinar,mid_market,5267,671,499,72,36,7,169239,6502
2026-04,partner,smb,3880,187,99,56,34,9,50572,5917
2026-04,partner,mid_market,3621,194,117,62,40,7,181761,5969
2026-04,email,smb,9815,400,170,65,35,9,52335,2055
2026-04,email,mid_market,3808,144,64,23,12,2,50030,909
2026-05,paid_search,smb,39227,1046,479,219,121,32,187221,79801
2026-05,paid_search,mid_market,17455,463,228,101,57,12,275645,33562
2026-05,paid_social,smb,30267,427,154,51,24,6,35105,36261
2026-05,paid_social,mid_market,6657,98,34,11,6,1,25291,8545
2026-05,organic,smb,49578,1105,437,190,102,27,160601,5534
2026-05,organic,mid_market,24476,530,226,101,53,11,248134,2215
2026-05,webinar,smb,16574,2002,1430,180,98,26,153181,11357
2026-05,webinar,mid_market,8403,1009,740,116,58,12,271052,6353
2026-05,partner,smb,3822,192,103,51,31,8,45859,6018
2026-05,partner,mid_market,4242,234,142,72,49,11,275438,6015
2026-05,email,smb,9047,346,160,58,28,7,42958,2116
2026-05,email,mid_market,4151,172,83,31,17,3,69369,929
2026-06,paid_search,smb,40204,990,442,200,117,30,172246,89807
2026-06,paid_search,mid_market,18777,415,197,90,50,10,251502,37281
2026-06,paid_social,smb,19469,272,108,34,16,4,23020,36782
2026-06,paid_social,mid_market,5406,94,39,13,6,1,26729,8700
2026-06,organic,smb,44368,969,410,147,77,19,112476,5667
2026-06,organic,mid_market,20673,439,189,90,44,9,217395,2400
2026-06,webinar,smb,10595,1173,826,90,50,14,81469,11450
2026-06,webinar,mid_market,5760,676,519,73,38,8,187479,6417
2026-06,partner,smb,3341,169,99,51,28,7,41916,6157
2026-06,partner,mid_market,3785,185,104,59,36,7,169722,6121
2026-06,email,smb,9424,366,146,47,23,6,36516,2126
2026-06,email,mid_market,4011,138,59,25,13,3,71873,927
2026-07,paid_search,smb,43201,1007,463,196,103,25,152621,90731
2026-07,paid_search,mid_market,17593,398,192,96,54,11,257776,40448
2026-07,paid_social,smb,36457,518,208,67,35,9,54959,34756
2026-07,paid_social,mid_market,8484,114,44,15,7,1,24009,8798
2026-07,organic,smb,52483,1159,467,163,85,22,133720,5717
2026-07,organic,mid_market,22827,522,217,94,47,9,211539,2394
2026-07,webinar,smb,8760,1067,755,87,44,12,76364,11269
2026-07,webinar,mid_market,4676,570,429,66,35,7,170047,6265
2026-07,partner,smb,3217,161,94,51,31,9,55112,5798
2026-07,partner,mid_market,3489,170,95,49,29,6,154363,6188
2026-07,email,smb,9062,398,169,66,33,9,55823,2072
2026-07,email,mid_market,3955,149,66,29,15,3,68544,944
2026-08,paid_search,smb,39477,763,322,124,68,20,112164,101252
2026-08,paid_search,mid_market,16096,309,161,76,38,8,183342,43688
2026-08,paid_social,smb,36212,505,174,58,30,8,50236,36353
2026-08,paid_social,mid_market,9625,136,44,14,7,2,48259,8863
2026-08,organic,smb,53295,1210,484,181,107,30,179851,5363
2026-08,organic,mid_market,24502,535,228,105,59,12,307434,2384
2026-08,webinar,smb,10142,1203,849,99,55,15,84948,11802
2026-08,webinar,mid_market,5979,705,514,79,42,8,209638,6139
2026-08,partner,smb,4178,210,108,48,29,8,47515,6081
2026-08,partner,mid_market,4094,191,108,59,36,7,156475,6128
2026-08,email,smb,7986,319,131,49,22,6,37184,1994
2026-08,email,mid_market,3559,116,42,16,9,2,41361,917
